Sno,String_Name
1,A {col1} patients in the study experienced at least 1 TEAE. 
2,"Out of {col1} patients in the study, 45 (90.0%) experienced at least 1 TEAE. "
3,{col2} ({col3}%) patients had at least 1 ? Grade 3 TEAE during the study. 
4,No patients had at least 1 ?Grade 3 TEAE during the study. 
5,There were {col4} ({col5}%) patients with at least 1 serious TEAE.{col6} ({col7}%) patients experienced TEAEs leading to death. 
6,"There were {col4} ({col5}%) patients with at least 1 serious TEAE, though no patients experienced TEAEs leading to death. "
7,"{col8} ({col9}%) patients permanently discontinued study treatment due to a TEAE, and {col10} ({col11}%) patients prematurely discontinued study treatment due to a TEAE. "
8,None of the patients permanently discontinued study treatment or prematurely discontinued the study due to a TEAE. 
9,"None of the patients permanently discontinued study treatment due to a TEAE, though {col6} ({col7}%) patients prematurely discontinued study treatment due to a TEAE. "
10,"{col8} ({col9}%) patients permanently discontinued study treatment due to a TEAE, though no patients had to prematurely discontinue the study due to a TEAE. "
